--- LEADERS
--- Types
INSERT INTO Types
			(Type,					Kind)
VALUES		('LEADER_SC_MATILDE',	'KIND_LEADER');

--- Leaders
INSERT INTO Leaders
			(LeaderType,			Name,							Sex,		InheritFrom,				SceneLayers)
VALUES		('LEADER_SC_MATILDE',	'LOC_LEADER_SC_MATILDE_NAME',	'Female',	'LEADER_DEFAULT',			4);

--- Leader Quotes
INSERT INTO LeaderQuotes
			(LeaderType,			Quote)
VALUES		('LEADER_SC_MATILDE',	'LOC_PEDIA_LEADERS_PAGE_LEADER_SC_MATILDE_QUOTE');

--- Historical Agendas
INSERT INTO HistoricalAgendas
			(LeaderType,			AgendaType)
VALUES		('LEADER_SC_MATILDE',	'AGENDA_SC_ROAD_TO_CANOSSA');

--- Leader Traits
INSERT INTO LeaderTraits
			(LeaderType,			TraitType)
VALUES		('LEADER_SC_MATILDE',	'TRAIT_LEADER_SC_GRAN_CONTESSA');

--- Favored Religion
INSERT OR REPLACE INTO FavoredReligions
			(LeaderType,			ReligionType)
VALUES		('LEADER_SC_MATILDE',	'RELIGION_CATHOLICISM');

--- AGENDAS
--- Types
INSERT INTO Types
			(Type,									Kind)
VALUES		('TRAIT_AGENDA_SC_ROAD_TO_CANOSSA',		'KIND_TRAIT');

--- Agendas
INSERT INTO Agendas
			(AgendaType,					Name,										Description)
VALUES		('AGENDA_SC_ROAD_TO_CANOSSA',	'LOC_AGENDA_SC_ROAD_TO_CANOSSA_NAME',		'LOC_AGENDA_SC_ROAD_TO_CANOSSA_DESCRIPTION');

--- Traits
INSERT INTO Traits
			(TraitType,								Name,					Description)
VALUES		('TRAIT_AGENDA_SC_ROAD_TO_CANOSSA',		'LOC_PLACEHOLDER',		'LOC_PLACEHOLDER');

--- Agenda Traits
INSERT INTO AgendaTraits
			(AgendaType,					TraitType)
VALUES		('AGENDA_SC_ROAD_TO_CANOSSA',	'TRAIT_AGENDA_SC_ROAD_TO_CANOSSA');

--- Exclusive Agendas
INSERT INTO ExclusiveAgendas
			(AgendaOne,							AgendaTwo)
VALUES		('AGENDA_SC_ROAD_TO_CANOSSA',		'AGENDA_CITY_STATE_ALLY'),
			('AGENDA_SC_ROAD_TO_CANOSSA',		'AGENDA_DEVOUT');

--- Trait Modifiers	
INSERT INTO TraitModifiers
			(TraitType,											ModifierId)
VALUES		('TRAIT_AGENDA_SC_ROAD_TO_CANOSSA',					'SC_ROAD_TO_CANOSSA_FRIENDLY'),
			('TRAIT_AGENDA_SC_ROAD_TO_CANOSSA',					'SC_ROAD_TO_CANOSSA_THREATENING');

--- Modifiers
INSERT INTO Modifiers
			(ModifierId,										ModifierType,									SubjectRequirementSetId)
VALUES		('SC_ROAD_TO_CANOSSA_FRIENDLY',						'MODIFIER_PLAYER_DIPLOMACY_SIMPLE_MODIFIER',	'SC_ROAD_TO_CANOSSA_HOLY_AND_SUZERAIN'),
			('SC_ROAD_TO_CANOSSA_THREATENING',					'MODIFIER_PLAYER_DIPLOMACY_SIMPLE_MODIFIER',	'SC_ROAD_TO_CANOSSA_UNHOLY_AND_SUZERAIN');

--- Requirement Sets
INSERT INTO RequirementSets
			(RequirementSetId,										RequirementSetType)
VALUES		('SC_ROAD_TO_CANOSSA_HOLY_AND_SUZERAIN',				'REQUIREMENTSET_TEST_ALL'),
			('SC_ROAD_TO_CANOSSA_UNHOLY_AND_SUZERAIN',				'REQUIREMENTSET_TEST_ALL');

--- Requirement Set Requirements
INSERT INTO RequirementSetRequirements
			(RequirementSetId,										RequirementId)
VALUES		('SC_ROAD_TO_CANOSSA_HOLY_AND_SUZERAIN',				'REQUIRES_MAJOR_CIV_OPPONENT'),
			('SC_ROAD_TO_CANOSSA_HOLY_AND_SUZERAIN',				'REQUIRES_MET_10_TURNS_AGO'),
			('SC_ROAD_TO_CANOSSA_HOLY_AND_SUZERAIN',				'REQUIRES_CS_INVOLVED_WITH_MINORS'),
			('SC_ROAD_TO_CANOSSA_HOLY_AND_SUZERAIN',				'REQUIRES_HAS_HIGH_FAITH'),

			('SC_ROAD_TO_CANOSSA_UNHOLY_AND_SUZERAIN',				'REQUIRES_MAJOR_CIV_OPPONENT'),
			('SC_ROAD_TO_CANOSSA_UNHOLY_AND_SUZERAIN',				'REQUIRES_MET_10_TURNS_AGO'),
			('SC_ROAD_TO_CANOSSA_UNHOLY_AND_SUZERAIN',				'REQUIRES_CS_INVOLVED_WITH_MINORS'),
			('SC_ROAD_TO_CANOSSA_UNHOLY_AND_SUZERAIN',				'REQUIRES_HAS_LOW_FAITH');

--- Requirements
INSERT INTO Requirements
			(RequirementId,											RequirementType,							Inverse)
VALUES		('REQUIRES_CS_INVOLVED_WITH_MINORS',					'REQUIREMENT_PLAYER_NOT_INVOLVED_MINORS',	1);

--- Modifier Arguments
INSERT INTO ModifierArguments
			(ModifierId,										Name,							Value)
VALUES		('SC_ROAD_TO_CANOSSA_FRIENDLY',				'InitialValue',					10),
			('SC_ROAD_TO_CANOSSA_FRIENDLY',				'StatementKey',					'LOC_DIPLO_KUDO_LEADER_SC_MATILDE_REASON_HOLY_SUZERAIN'),
			('SC_ROAD_TO_CANOSSA_FRIENDLY',				'SimpleModifierDescription',	'LOC_DIPLO_MODIFIER_AGENDA_SC_ROAD_TO_CANOSSA_HOLY_SUZERAIN'),
			('SC_ROAD_TO_CANOSSA_THREATENING',			'InitialValue',					-12),
			('SC_ROAD_TO_CANOSSA_THREATENING',			'StatementKey',					'LOC_DIPLO_MODIFIER_AGENDA_SC_ROAD_TO_CANOSSA_UNHOLY_SUZERAIN'),
			('SC_ROAD_TO_CANOSSA_THREATENING',			'SimpleModifierDescription',	'LOC_DIPLO_WARNING_LEADER_SC_MATILDE_REASON_UNHOLY_SUZERAIN');

--- Modifier Strings
INSERT INTO ModifierStrings
			(ModifierId,											Context,	Text)
VALUES		('SC_ROAD_TO_CANOSSA_FRIENDLY',					'Sample',	'LOC_TOOLTIP_SAMPLE_DIPLOMACY_ALL'),
			('SC_ROAD_TO_CANOSSA_THREATENING',				'Sample',	'LOC_TOOLTIP_SAMPLE_DIPLOMACY_ALL');


--- COLORS

INSERT INTO Colors 
			(Type,												Red,	Green,	Blue,	Alpha)
VALUES		('COLOR_PLAYER_SC_ITALY_MATILDE_SECONDARY',			1,		.941,	.490,	1),
			('COLOR_PLAYER_SC_ITALY_MATILDE_PRIMARY',			.231,	.251,	.376,	1);
			
INSERT INTO PlayerColors
			(Type,						Usage,				PrimaryColor,								SecondaryColor,									TextColor)
VALUES		('LEADER_SC_MATILDE',		'Unique',		'COLOR_PLAYER_SC_ITALY_MATILDE_PRIMARY',	'COLOR_PLAYER_SC_ITALY_MATILDE_SECONDARY',	'COLOR_PLAYER_PEACH_TEXT');



--- LOADING INFO
--- Loading Info
INSERT INTO LoadingInfo
			(LeaderType,				BackgroundImage,				ForegroundImage,			PlayDawnofManAudio)
VALUES		('LEADER_SC_MATILDE',	'LEADER_HOJO_BACKGROUND',		'LEADER_SC_MATILDE_NEUTRAL',	0);

--- TRAITS
--- Types
INSERT INTO Types
			(Type,											Kind)
VALUES 		('TRAIT_LEADER_SC_GRAN_CONTESSA',	'KIND_TRAIT');

--- Traits
INSERT INTO Traits
			(TraitType,										Name,													Description)
VALUES		('TRAIT_LEADER_SC_GRAN_CONTESSA',	'LOC_TRAIT_LEADER_SC_GRAN_CONTESSA_NAME',	'LOC_TRAIT_LEADER_SC_GRAN_CONTESSA_DESCRIPTION');
/*

--- Trait Modifiers		
INSERT INTO TraitModifiers
			(TraitType,												ModifierId)
VALUES		('TRAIT_LEADER_SC_GRAN_CONTESSA',						'SC_GRAN_CONTESSA_FASTER_ENCAMPMENT'),
			('TRAIT_LEADER_SC_GRAN_CONTESSA',						'SC_GRAN_CONTESSA_FASTER_BARRACKS'),
			('TRAIT_LEADER_SC_GRAN_CONTESSA',						'SC_GRAN_CONTESSA_FASTER_STABLE'),
			('TRAIT_LEADER_SC_GRAN_CONTESSA',						'SC_GRAN_CONTESSA_FASTER_ARMORY'),
			('TRAIT_LEADER_SC_GRAN_CONTESSA',						'SC_GRAN_CONTESSA_FASTER_MILITARY_ACADEMY'),
		
			('TRAIT_LEADER_SC_GRAN_CONTESSA',						'SC_GRAN_CONTESSA_FASTER_SHRINE'),
			('TRAIT_LEADER_SC_GRAN_CONTESSA',						'SC_GRAN_CONTESSA_FASTER_TEMPLE'),
			('TRAIT_LEADER_SC_GRAN_CONTESSA',						'SC_GRAN_CONTESSA_FASTER_CATHEDRAL'),
			('TRAIT_LEADER_SC_GRAN_CONTESSA',						'SC_GRAN_CONTESSA_FASTER_GURDWARA'),
			('TRAIT_LEADER_SC_GRAN_CONTESSA',						'SC_GRAN_CONTESSA_FASTER_MEETING_HOUSE'),
			('TRAIT_LEADER_SC_GRAN_CONTESSA',						'SC_GRAN_CONTESSA_FASTER_MOSQUE'),
			('TRAIT_LEADER_SC_GRAN_CONTESSA',						'SC_GRAN_CONTESSA_FASTER_PAGODA'),
			('TRAIT_LEADER_SC_GRAN_CONTESSA',						'SC_GRAN_CONTESSA_FASTER_SYNAGOGUE'),
			('TRAIT_LEADER_SC_GRAN_CONTESSA',						'SC_GRAN_CONTESSA_FASTER_WAT'),
			('TRAIT_LEADER_SC_GRAN_CONTESSA',						'SC_GRAN_CONTESSA_FASTER_HOLY_SITE');
*/


--- Building Modifiers
INSERT INTO BuildingModifiers
			(BuildingType,											ModifierId)
VALUES		('BUILDING_TEMPLE',										'SC_GRAN_CONTESSA_ENVOY_FROM_DUOMO'),
			('BUILDING_JFD_DUOMO',									'SC_GRAN_CONTESSA_ENVOY_FROM_TEMPLE');
			
/*
--- Modifiers
INSERT INTO Modifiers 
			(ModifierId,												ModifierType,											SubjectRequirementSetId)
VALUES		('SC_GRAN_CONTESSA_FASTER_ENCAMPMENT',						'MODIFIER_PLAYER_CITIES_ADJUST_DISTRICT_PRODUCTION',	'SC_CITY_MATILDE_HAS_HOLY_SITE'),
			('SC_GRAN_CONTESSA_FASTER_BARRACKS',						'MODIFIER_PLAYER_CITIES_ADJUST_BUILDING_PRODUCTION',	'SC_CITY_MATILDE_HAS_HOLY_SITE'),
			('SC_GRAN_CONTESSA_FASTER_ARMORY',							'MODIFIER_PLAYER_CITIES_ADJUST_BUILDING_PRODUCTION',	'SC_CITY_MATILDE_HAS_HOLY_SITE'),
			('SC_GRAN_CONTESSA_FASTER_STABLE',							'MODIFIER_PLAYER_CITIES_ADJUST_BUILDING_PRODUCTION',	'SC_CITY_MATILDE_HAS_HOLY_SITE'),
			('SC_GRAN_CONTESSA_FASTER_MILITARY_ACADEMY',				'MODIFIER_PLAYER_CITIES_ADJUST_BUILDING_PRODUCTION',	'SC_CITY_MATILDE_HAS_HOLY_SITE'),
			
			('SC_GRAN_CONTESSA_FASTER_HOLY_SITE',						'MODIFIER_PLAYER_CITIES_ADJUST_DISTRICT_PRODUCTION',	'SC_CITY_HAS_ENCAMPMENT'),
			('SC_GRAN_CONTESSA_FASTER_SHRINE',							'MODIFIER_PLAYER_CITIES_ADJUST_BUILDING_PRODUCTION',	'SC_CITY_HAS_ENCAMPMENT'),
			('SC_GRAN_CONTESSA_FASTER_TEMPLE',							'MODIFIER_PLAYER_CITIES_ADJUST_BUILDING_PRODUCTION',	'SC_CITY_HAS_ENCAMPMENT'),
			('SC_GRAN_CONTESSA_FASTER_CATHEDRAL',						'MODIFIER_PLAYER_CITIES_ADJUST_BUILDING_PRODUCTION',	'SC_CITY_HAS_ENCAMPMENT'),
			('SC_GRAN_CONTESSA_FASTER_GURDWARA',						'MODIFIER_PLAYER_CITIES_ADJUST_BUILDING_PRODUCTION',	'SC_CITY_HAS_ENCAMPMENT'),
			('SC_GRAN_CONTESSA_FASTER_MEETING_HOUSE',					'MODIFIER_PLAYER_CITIES_ADJUST_BUILDING_PRODUCTION',	'SC_CITY_HAS_ENCAMPMENT'),
			('SC_GRAN_CONTESSA_FASTER_MOSQUE',							'MODIFIER_PLAYER_CITIES_ADJUST_BUILDING_PRODUCTION',	'SC_CITY_HAS_ENCAMPMENT'),
			('SC_GRAN_CONTESSA_FASTER_PAGODA',							'MODIFIER_PLAYER_CITIES_ADJUST_BUILDING_PRODUCTION',	'SC_CITY_HAS_ENCAMPMENT'),
			('SC_GRAN_CONTESSA_FASTER_SYNAGOGUE',						'MODIFIER_PLAYER_CITIES_ADJUST_BUILDING_PRODUCTION',	'SC_CITY_HAS_ENCAMPMENT'),
			('SC_GRAN_CONTESSA_FASTER_WAT',								'MODIFIER_PLAYER_CITIES_ADJUST_BUILDING_PRODUCTION',	'SC_CITY_HAS_ENCAMPMENT');
*/
INSERT INTO Modifiers
			(ModifierId,									ModifierType,								RunOnce,	Permanent,		SubjectRequirementSetId)
VALUES		('SC_GRAN_CONTESSA_ENVOY_FROM_DUOMO',			'MODIFIER_PLAYER_GRANT_INFLUENCE_TOKEN',	1,			1,				'SC_REQUIRES_LEADER_IS_MATILDE_SET'),
			('SC_GRAN_CONTESSA_ENVOY_FROM_TEMPLE',			'MODIFIER_PLAYER_GRANT_INFLUENCE_TOKEN',	1,			1,				'SC_REQUIRES_LEADER_IS_MATILDE_SET');

--- Modifier Arguments
INSERT INTO ModifierArguments
			(ModifierId,												Name,		Value)
VALUES		('SC_GRAN_CONTESSA_ENVOY_FROM_DUOMO',						'Amount',	1),
			('SC_GRAN_CONTESSA_ENVOY_FROM_TEMPLE',						'Amount',	1);
/*
			('SC_GRAN_CONTESSA_FASTER_ENCAMPMENT',						'Amount',	20),
			('SC_GRAN_CONTESSA_FASTER_BARRACKS',						'Amount',	20),
			('SC_GRAN_CONTESSA_FASTER_ARMORY',							'Amount',	20),
			('SC_GRAN_CONTESSA_FASTER_STABLE',							'Amount',	20),
			('SC_GRAN_CONTESSA_FASTER_MILITARY_ACADEMY',				'Amount',	20),
			
			('SC_GRAN_CONTESSA_FASTER_HOLY_SITE',						'Amount',	20),
			('SC_GRAN_CONTESSA_FASTER_SHRINE',							'Amount',	20),
			('SC_GRAN_CONTESSA_FASTER_TEMPLE',							'Amount',	20),
			('SC_GRAN_CONTESSA_FASTER_CATHEDRAL',						'Amount',	20),
			('SC_GRAN_CONTESSA_FASTER_GURDWARA',						'Amount',	20),
			('SC_GRAN_CONTESSA_FASTER_MEETING_HOUSE',					'Amount',	20),
			('SC_GRAN_CONTESSA_FASTER_MOSQUE',							'Amount',	20),
			('SC_GRAN_CONTESSA_FASTER_PAGODA',							'Amount',	20),
			('SC_GRAN_CONTESSA_FASTER_SYNAGOGUE',						'Amount',	20),
			('SC_GRAN_CONTESSA_FASTER_WAT',								'Amount',	20),

			('SC_GRAN_CONTESSA_FASTER_ENCAMPMENT',						'DistrictType',	'DISTRICT_ENCAMPMENT'),
			('SC_GRAN_CONTESSA_FASTER_BARRACKS',						'BuildingType',	'BUILDING_BARRACKS'),
			('SC_GRAN_CONTESSA_FASTER_ARMORY',							'BuildingType',	'BUILDING_ARMORY'),
			('SC_GRAN_CONTESSA_FASTER_STABLE',							'BuildingType',	'BUILDING_STABLE'),
			('SC_GRAN_CONTESSA_FASTER_MILITARY_ACADEMY',				'BuildingType',	'BUILDING_MILITARY_ACADEMY'),
			
			('SC_GRAN_CONTESSA_FASTER_HOLY_SITE',						'DistrictType',	'DISTRICT_HOLY_SITE'),
			('SC_GRAN_CONTESSA_FASTER_SHRINE',							'BuildingType',	'BUILDING_SHRINE'),
			('SC_GRAN_CONTESSA_FASTER_TEMPLE',							'BuildingType',	'BUILDING_TEMPLE'),
			('SC_GRAN_CONTESSA_FASTER_CATHEDRAL',						'BuildingType',	'BUILDING_CATHEDRAL'),
			('SC_GRAN_CONTESSA_FASTER_GURDWARA',						'BuildingType',	'BUILDING_GURDWARA'),
			('SC_GRAN_CONTESSA_FASTER_MEETING_HOUSE',					'BuildingType',	'BUILDING_MEETING_HOUSE'),
			('SC_GRAN_CONTESSA_FASTER_MOSQUE',							'BuildingType',	'BUILDING_MOSQUE'),
			('SC_GRAN_CONTESSA_FASTER_PAGODA',							'BuildingType',	'BUILDING_PAGODA'),
			('SC_GRAN_CONTESSA_FASTER_SYNAGOGUE',						'BuildingType',	'BUILDING_SYNAGOGUE'),
			('SC_GRAN_CONTESSA_FASTER_WAT',								'BuildingType',	'BUILDING_WAT');
*/

--- CHRISY's CONCATENATION
INSERT INTO Modifiers 
		(ModifierId,												ModifierType,											SubjectRequirementSetId)
VALUES	('SC_GRAN_CONTESSA_FASTER_ENCAMPMENT',						'MODIFIER_PLAYER_CITIES_ADJUST_DISTRICT_PRODUCTION',	'SC_CITY_MATILDE_HAS_HOLY_SITE'),
		('SC_GRAN_CONTESSA_FASTER_HOLY_SITE',						'MODIFIER_PLAYER_CITIES_ADJUST_DISTRICT_PRODUCTION',	'SC_CITY_HAS_ENCAMPMENT');
			
INSERT INTO ModifierArguments
		(ModifierId,												Name,		Value)
VALUES	('SC_GRAN_CONTESSA_FASTER_ENCAMPMENT',						'Amount',	20),
		('SC_GRAN_CONTESSA_FASTER_ENCAMPMENT',						'DistrictType',	'DISTRICT_ENCAMPMENT'),
		('SC_GRAN_CONTESSA_FASTER_HOLY_SITE',						'Amount',	20),
		('SC_GRAN_CONTESSA_FASTER_HOLY_SITE',						'DistrictType',	'DISTRICT_HOLY_SITE');

INSERT INTO ModifierArguments
		(ModifierId,								Name,			Value)
SELECT	'SC_GRAN_CONTESSA_FASTER_'||BuildingType,	'BuildingType',	BuildingType
FROM Buildings WHERE PrereqDistrict IN ('DISTRICT_ENCAMPMENT', 'DISTRICT_HOLY_SITE');

INSERT INTO ModifierArguments
		(ModifierId,								Name,			Value)
SELECT	'SC_GRAN_CONTESSA_FASTER_'||BuildingType,	'Amount',		20
FROM Buildings WHERE PrereqDistrict IN ('DISTRICT_ENCAMPMENT', 'DISTRICT_HOLY_SITE');

INSERT INTO Modifiers
		(ModifierId,								ModifierType,											SubjectRequirementSetId)
SELECT	'SC_GRAN_CONTESSA_FASTER_'||BuildingType,	'MODIFIER_PLAYER_CITIES_ADJUST_BUILDING_PRODUCTION',	(CASE WHEN PrereqDistrict = 'DISTRICT_ENCAMPMENT' THEN 'SC_CITY_MATILDE_HAS_HOLY_SITE' ELSE 'SC_CITY_HAS_ENCAMPMENT' END)
FROM Buildings WHERE PrereqDistrict IN ('DISTRICT_ENCAMPMENT', 'DISTRICT_HOLY_SITE');

INSERT INTO TraitModifiers
		(TraitType,							ModifierId)
SELECT	'TRAIT_LEADER_SC_GRAN_CONTESSA',	ModifierId
FROM Modifiers WHERE ModifierId LIKE 'SC_GRAN_CONTESSA_FASTER_%';

CREATE TRIGGER IF NOT EXISTS C15_Catlad_Matilde_HolySite_Encamp_Build_Cheaper
AFTER INSERT ON Buildings
WHEN NEW.PrereqDistrict IN ('DISTRICT_ENCAMPMENT', 'DISTRICT_HOLY_SITE')
BEGIN
	INSERT INTO ModifierArguments
			(ModifierId,												Name,			Value)
	VALUES	('SC_GRAN_CONTESSA_FASTER_'||NEW.BuildingType,				'Amount',		20),
			('SC_GRAN_CONTESSA_FASTER_'||NEW.BuildingType,				'BuildingType',	NEW.BuildingType);
			
	INSERT INTO Modifiers
			(ModifierId,									ModifierType,											SubjectRequirementSetId)
	VALUES	('SC_GRAN_CONTESSA_FASTER_'||NEW.BuildingType,	'MODIFIER_PLAYER_CITIES_ADJUST_BUILDING_PRODUCTION',	(CASE WHEN NEW.PrereqDistrict = 'DISTRICT_ENCAMPMENT' THEN 'SC_CITY_MATILDE_HAS_HOLY_SITE' ELSE 'SC_CITY_HAS_ENCAMPMENT' END));
	
	INSERT INTO TraitModifiers
			(TraitType,							ModifierId)
	VALUES	('TRAIT_LEADER_SC_GRAN_CONTESSA',	'SC_GRAN_CONTESSA_FASTER_'||NEW.BuildingType);
	
END;
--- END CHRISY's CONCATENATION


--- Requirement Sets
INSERT INTO RequirementSets
			(RequirementSetId,									RequirementSetType)
VALUES		('SC_REQUIRES_LEADER_IS_MATILDE_SET',				'REQUIREMENTSET_TEST_ALL'),

			('SC_CITY_HAS_ENCAMPMENT',							'REQUIREMENTSET_TEST_ALL'),
			('SC_CITY_MATILDE_HAS_HOLY_SITE',							'REQUIREMENTSET_TEST_ALL');

--- Requirement Set Requirements
INSERT INTO RequirementSetRequirements
			(RequirementSetId,						RequirementId)
VALUES		('SC_REQUIRES_LEADER_IS_MATILDE_SET',	'SC_REQUIRES_LEADER_IS_MATILDE'),

			('SC_CITY_HAS_ENCAMPMENT',					'SC_REQUIRES_CITY_HAS_ENCAMPMENT'),
			('SC_CITY_MATILDE_HAS_HOLY_SITE',			'SC_REQUIRES_CITY_MATILDE_HAS_HOLY_SITE');

--- Requirements
INSERT INTO Requirements
			(RequirementId,							RequirementType)
VALUES		('SC_REQUIRES_LEADER_IS_MATILDE',		'REQUIREMENT_PLAYER_LEADER_TYPE_MATCHES'),

			('SC_REQUIRES_CITY_MATILDE_HAS_HOLY_SITE',		'REQUIREMENT_CITY_HAS_DISTRICT'),
			('SC_REQUIRES_CITY_HAS_ENCAMPMENT',		'REQUIREMENT_CITY_HAS_DISTRICT');

--- Requirement Arguments
INSERT INTO RequirementArguments
			(RequirementId,							Name,				Value)
VALUES		('SC_REQUIRES_LEADER_IS_MATILDE',		'LeaderType',		'LEADER_SC_MATILDE'),

			('SC_REQUIRES_CITY_MATILDE_HAS_HOLY_SITE',		'DistrictType',		'DISTRICT_HOLY_SITE'),
			('SC_REQUIRES_CITY_HAS_ENCAMPMENT',		'DistrictType',		'DISTRICT_ENCAMPMENT');

--- CIVILIZATIONS
--- Civilization Leaders
INSERT INTO CivilizationLeaders
			(CivilizationType,			LeaderType,				CapitalName)
VALUES		('CIVILIZATION_JFD_ITALY',	'LEADER_SC_MATILDE',	'LOC_CITY_NAME_SC_CANOSSA');

--- AI
--- AiListTypes
INSERT INTO AiListTypes	
		(ListType)
VALUES	('SC_MATILDE_Buildings'),
		('SC_MATILDE_Civics'),
		('SC_MATILDE_Districts'),
		('SC_MATILDE_Techs'),
		('SC_MATILDE_Units');

--- AiLists
INSERT INTO AiLists	
		(ListType,					LeaderType,							System)
VALUES	('SC_MATILDE_Buildings',	'TRAIT_LEADER_SC_GRAN_CONTESSA',	'Buildings'),
		('SC_MATILDE_Civics',		'TRAIT_LEADER_SC_GRAN_CONTESSA',	'Civics'),
		('SC_MATILDE_Districts',	'TRAIT_LEADER_SC_GRAN_CONTESSA',	'Districts'),
		('SC_MATILDE_Units',		'TRAIT_LEADER_SC_GRAN_CONTESSA',	'Units');
	
--- AiFavoredItems
INSERT INTO AiFavoredItems	
		(ListType,					Favored,	Value,		Item)
VALUES	('SC_MATILDE_Buildings',		1,			0,			'BUILDING_JFD_DUOMO'),
		('SC_MATILDE_Buildings',		1,			0,			'BUILDING_SHRINE'), 
		('SC_MATILDE_Buildings',		1,			0,			'BUILDING_TEMPLE'),
		('SC_MATILDE_Buildings',		1,			0,			'BUILDING_BARRACKS'), 
		('SC_MATILDE_Buildings',		1,			0,			'BUILDING_STABLE'), 
		('SC_MATILDE_Civics',			1,			0,			'CIVIC_MERCENARIES'),
		('SC_MATILDE_Districts',		1,			0,			'DISTRICT_ENCAMPMENT'), 
		('SC_MATILDE_Districts',		1,			0,			'DISTRICT_HOLY_SITE'),
		('SC_MATILDE_Units',			1,			0,			'UNIT_JFD_CONDOTIERRE');

--- Cities
INSERT INTO CityNames	
			(CivilizationType,				LeaderType,				SortIndex,	CityName)	
VALUES		('CIVILIZATION_JFD_ITALY',		'LEADER_SC_MATILDE',		-1,			'LOC_CITY_NAME_JFD_ITALY_11'),	
			('CIVILIZATION_JFD_ITALY',		'LEADER_SC_MATILDE',		-1,			'LOC_CITY_NAME_SC_SPOLETO'),	
			('CIVILIZATION_JFD_ITALY',		'LEADER_SC_MATILDE',		-1,			'LOC_CITY_NAME_SC_CREMONA'),	
			('CIVILIZATION_JFD_ITALY',		'LEADER_SC_MATILDE',		-1,			'LOC_CITY_NAME_JFD_ITALY_18');