--==========================================================================================================================
-- NAMED PLACES
--==========================================================================================================================
-- Types
--------------------------------------------------------------------
INSERT OR REPLACE INTO Types
		(Type,												Kind)
VALUES	("NAMED_RIVER_LEU_RIO_NAZAS",						"KIND_NAMED_RIVER"),
		("NAMED_RIVER_LEU_RIO_GRANDE_DE_SANTIAGO",			"KIND_NAMED_RIVER"),
		("NAMED_RIVER_LEU_RIO_CONCHOS",						"KIND_NAMED_RIVER"),
		("NAMED_RIVER_LEU_RIO_GRIJALVA",					"KIND_NAMED_RIVER"),
		("NAMED_RIVER_LEU_RIO_LERMA",						"KIND_NAMED_RIVER"),
		("NAMED_RIVER_LEU_RIO_BALSAS",						"KIND_NAMED_RIVER"),
		("NAMED_RIVER_LEU_RIO_CULIACAN",					"KIND_NAMED_RIVER"),
		("NAMED_RIVER_LEU_RIO_USUMACINTA",					"KIND_NAMED_RIVER"),
		("NAMED_RIVER_LEU_RIO_COLORADO",					"KIND_NAMED_RIVER"),
		("NAMED_RIVER_LEU_RIO_BRAVO",						"KIND_NAMED_RIVER"),
		("NAMED_MOUNTAIN_LEU_SIERRA_DE_LA_VIGA",			"KIND_NAMED_MOUNTAIN"),
		("NAMED_MOUNTAIN_LEU_CERRO_EL_POTOSI",				"KIND_NAMED_MOUNTAIN"),
		("NAMED_MOUNTAIN_LEU_SIERRA_DE_LA_MARTA",			"KIND_NAMED_MOUNTAIN"),
		("NAMED_MOUNTAIN_LEU_EL_COAHUILON",					"KIND_NAMED_MOUNTAIN"),
		("NAMED_MOUNTAIN_LEU_SIERRA_PENA_NEVADA",			"KIND_NAMED_MOUNTAIN"),
		("NAMED_MOUNTAIN_LEU_CERRO_EL_VEIJO",				"KIND_NAMED_MOUNTAIN"),
		("NAMED_MOUNTAIN_LEU_SIERRA_MORONES",				"KIND_NAMED_MOUNTAIN"),
		("NAMED_VOLCANO_LEU_LOS_ATLIXCOS",					"KIND_NAMED_VOLCANO"),
		("NAMED_VOLCANO_LEU_VOLCAN_BARCENA",				"KIND_NAMED_VOLCANO"),
		("NAMED_VOLCANO_LEU_CEBORUCO",						"KIND_NAMED_VOLCANO"),
		("NAMED_VOLCANO_LEU_CERRO_PRIETO",					"KIND_NAMED_VOLCANO"),
		("NAMED_VOLCANO_LEU_EL_CHICHON",					"KIND_NAMED_VOLCANO"),
		("NAMED_VOLCANO_LEU_COFRE_DE_PEROTE",				"KIND_NAMED_VOLCANO"),
		("NAMED_VOLCANO_LEU_COLIMA",						"KIND_NAMED_VOLCANO"),
		("NAMED_VOLCANO_LEU_COMONDU",						"KIND_NAMED_VOLCANO"),
		("NAMED_VOLCANO_LEU_CORONADO",						"KIND_NAMED_VOLCANO"),
		("NAMED_VOLCANO_LEU_LAS_CUMBRES",					"KIND_NAMED_VOLCANO"),
		("NAMED_VOLCANO_LEU_LAS_DERRUMBADAS",				"KIND_NAMED_VOLCANO"),
		("NAMED_VOLCANO_LEU_GUADALUPE",						"KIND_NAMED_VOLCANO"),
		("NAMED_VOLCANO_LEU_LOS_HUMEROS",					"KIND_NAMED_VOLCANO"),
		("NAMED_VOLCANO_LEU_IZTACCIHUATL",					"KIND_NAMED_VOLCANO"),
		("NAMED_VOLCANO_LEU_JOCOTITLAN",					"KIND_NAMED_VOLCANO"),
		("NAMED_VOLCANO_LEU_EL_JORULLO",					"KIND_NAMED_VOLCANO"),
		("NAMED_VOLCANO_LEU_LA_MALINCHE",					"KIND_NAMED_VOLCANO"),
		("NAMED_VOLCANO_LEU_NEVADO_DE_TOLUCA",				"KIND_NAMED_VOLCANO"),
		("NAMED_VOLCANO_LEU_PAPAYO",						"KIND_NAMED_VOLCANO"),
		("NAMED_VOLCANO_LEU_PARICUTIN",						"KIND_NAMED_VOLCANO"),
		("NAMED_VOLCANO_LEU_LA_REFORMA_CALDERA",			"KIND_NAMED_VOLCANO"),
		("NAMED_VOLCANO_LEU_SOCORRO",						"KIND_NAMED_VOLCANO"),
		("NAMED_VOLCANO_LEU_TEQUILA",						"KIND_NAMED_VOLCANO"),
		("NAMED_DESERT_LEU_DESIERTO_DE_SONORA",				"KIND_NAMED_DESERT"),
		("NAMED_DESERT_LEU_DESIERTO_DE_CHIHUAHUA",			"KIND_NAMED_DESERT"),
		("NAMED_DESERT_LEU_DESIERTO_DEL_COLORADO",			"KIND_NAMED_DESERT"),
		("NAMED_DESERT_LEU_EL_VIZCAINO",					"KIND_NAMED_DESERT"),
		("NAMED_DESERT_LEU_DESIERTO_DE_BAJA_CALIFORNIA",	"KIND_NAMED_DESERT"),
		("NAMED_DESERT_LEU_GRAN_DESIERTO_DE_ALTAR",			"KIND_NAMED_DESERT"),
		("NAMED_DESERT_LEU_MEDANOS_DE_SAMALAYUCA",			"KIND_NAMED_DESERT"),
		("NAMED_DESERT_LEU_DESIERTO_DE_YUMA",				"KIND_NAMED_DESERT"),
		("NAMED_LAKE_LEU_LAGO_DE_CHAPALA",					"KIND_NAMED_LAKE"),
		("NAMED_LAKE_LEU_LAGUNA_DE_BACALAR",				"KIND_NAMED_LAKE"),
		("NAMED_LAKE_LEU_LAGO_DE_CHAPULTEPEC",				"KIND_NAMED_LAKE"),
		("NAMED_LAKE_LEU_LAGO_CAMECUARO",					"KIND_NAMED_LAKE"),
		("NAMED_LAKE_LEU_LAGOS_DE_MONTEBELLO",				"KIND_NAMED_LAKE"),
		("NAMED_LAKE_LEU_LAGUNA_NICHUPTE",					"KIND_NAMED_LAKE"),
		("NAMED_LAKE_LEU_LAGO_AVANDARO",					"KIND_NAMED_LAKE"),
		("NAMED_LAKE_LEU_BARRA_DE_COYUCA",					"KIND_NAMED_LAKE"),
		("NAMED_LAKE_LEU_LAGUNO_DE_TERMINOS",				"KIND_NAMED_LAKE"),
		("NAMED_LAKE_LEU_LAGUNA_DE_CATEMACO",				"KIND_NAMED_LAKE"),
		("NAMED_LAKE_LEU_LAGUNA_POJOJ",						"KIND_NAMED_LAKE"),
		("NAMED_LAKE_LEU_LAGO_ARAREKO",						"KIND_NAMED_LAKE"),
		("NAMED_LAKE_LEU_LAGO_DE_PATZCUARO",				"KIND_NAMED_LAKE"),
		("NAMED_LAKE_LEU_LAGUNA_OJO_DE_LIEBRE",				"KIND_NAMED_LAKE"),
		("NAMED_SEA_LEU_BAHIA_DE_BANDERAS",					"KIND_NAMED_SEA"),
		("NAMED_SEA_LEU_BAHIA_ADAIR",						"KIND_NAMED_SEA"),
		("NAMED_SEA_LEU_BAHIA_DE_BANDERAS",					"KIND_NAMED_SEA"),
		("NAMED_SEA_LEU_BAHIA_DE_GUAYMAS",					"KIND_NAMED_SEA"),
		("NAMED_SEA_LEU_BAHIA_DE_LA_PAZ",					"KIND_NAMED_SEA"),
		("NAMED_SEA_LEU_BAHIA_DE_TEPOCA",					"KIND_NAMED_SEA"),
		("NAMED_SEA_LEU_GOLFO_DE_CALIFORNIA",				"KIND_NAMED_SEA"),
		("NAMED_SEA_LEU_ENSENADA_DE_PABELLONES",			"KIND_NAMED_SEA"),
		("NAMED_SEA_LEU_BAHIA_DE_MAGDALENA",				"KIND_NAMED_SEA"),
		("NAMED_SEA_LEU_BAHIA_DE_SAN_QUINTIN",				"KIND_NAMED_SEA"),
		("NAMED_SEA_LEU_BAHIA_DE_SEBASTIAN_VIZCAINO",		"KIND_NAMED_SEA"),
		("NAMED_SEA_LEU_GOLFO_DE_TEHUANTEPEC",				"KIND_NAMED_SEA"),
		("NAMED_SEA_LEU_OCEANO_PACIFICO",					"KIND_NAMED_SEA"),
		("NAMED_SEA_LEU_OCEANO_ATLANTICO",					"KIND_NAMED_SEA");
--------------------------------------------------------------------
-- NamedRivers
--------------------------------------------------------------------
INSERT OR REPLACE INTO NamedRivers
		(NamedRiverType,								Name)
VALUES	("NAMED_RIVER_LEU_RIO_NAZAS",					"LOC_NAMED_RIVER_LEU_RIO_NAZAS_NAME"),
		("NAMED_RIVER_LEU_RIO_GRANDE_DE_SANTIAGO",		"LOC_NAMED_RIVER_LEU_RIO_GRANDE_DE_SANTIAGO_NAME"),
		("NAMED_RIVER_LEU_RIO_CONCHOS",					"LOC_NAMED_RIVER_LEU_RIO_CONCHOS_NAME"),
		("NAMED_RIVER_LEU_RIO_GRIJALVA",				"LOC_NAMED_RIVER_LEU_RIO_GRIJALVA_NAME"),
		("NAMED_RIVER_LEU_RIO_LERMA",					"LOC_NAMED_RIVER_LEU_RIO_LERMA_NAME"),
		("NAMED_RIVER_LEU_RIO_BALSAS",					"LOC_NAMED_RIVER_LEU_RIO_BALSAS_NAME"),
		("NAMED_RIVER_LEU_RIO_CULIACAN",				"LOC_NAMED_RIVER_LEU_RIO_CULIACAN_NAME"),
		("NAMED_RIVER_LEU_RIO_USUMACINTA",				"LOC_NAMED_RIVER_LEU_RIO_USUMACINTA_NAME"),
		("NAMED_RIVER_LEU_RIO_COLORADO",				"LOC_NAMED_RIVER_LEU_RIO_COLORADO_NAME"),
		("NAMED_RIVER_LEU_RIO_BRAVO",					"LOC_NAMED_RIVER_LEU_RIO_BRAVO_NAME");
--------------------------------------------------------------------
-- NamedMountains
--------------------------------------------------------------------
INSERT OR REPLACE INTO NamedMountains
		(NamedMountainType,								Name)
VALUES	("NAMED_MOUNTAIN_LEU_SIERRA_DE_LA_VIGA",		"LOC_NAMED_MOUNTAIN_LEU_SIERRA_DE_LA_VIGA_NAME"),
		("NAMED_MOUNTAIN_LEU_CERRO_EL_POTOSI",			"LOC_NAMED_MOUNTAIN_LEU_CERRO_EL_POTOSI_NAME"),
		("NAMED_MOUNTAIN_LEU_SIERRA_DE_LA_MARTA",		"LOC_NAMED_MOUNTAIN_LEU_SIERRA_DE_LA_MARTA_NAME"),
		("NAMED_MOUNTAIN_LEU_EL_COAHUILON",				"LOC_NAMED_MOUNTAIN_LEU_EL_COAHUILON_NAME"),
		("NAMED_MOUNTAIN_LEU_SIERRA_PENA_NEVADA",		"LOC_NAMED_MOUNTAIN_LEU_SIERRA_PENA_NEVADA_NAME"),
		("NAMED_MOUNTAIN_LEU_CERRO_EL_VEIJO",			"LOC_NAMED_MOUNTAIN_LEU_CERRO_EL_VEIJO_NAME"),
		("NAMED_MOUNTAIN_LEU_SIERRA_MORONES",			"LOC_NAMED_MOUNTAIN_LEU_SIERRA_MORONES_NAME");
--------------------------------------------------------------------
-- NamedVolcanoes
--------------------------------------------------------------------
INSERT OR REPLACE INTO NamedVolcanoes
		(NamedVolcanoType,							Name)
VALUES	("NAMED_VOLCANO_LEU_LOS_ATLIXCOS",			"LOC_NAMED_VOLCANO_LEU_LOS_ATLIXCOS_NAME"),
		("NAMED_VOLCANO_LEU_VOLCAN_BARCENA",		"LOC_NAMED_VOLCANO_LEU_VOLCAN_BARCENA_NAME"),
		("NAMED_VOLCANO_LEU_CEBORUCO",				"LOC_NAMED_VOLCANO_LEU_CEBORUCO_NAME"),
		("NAMED_VOLCANO_LEU_CERRO_PRIETO",			"LOC_NAMED_VOLCANO_LEU_CERRO_PRIETO_NAME"),
		("NAMED_VOLCANO_LEU_EL_CHICHON",			"LOC_NAMED_VOLCANO_LEU_EL_CHICHON_NAME"),
		("NAMED_VOLCANO_LEU_COFRE_DE_PEROTE",		"LOC_NAMED_VOLCANO_LEU_COFRE_DE_PEROTE_NAME"),
		("NAMED_VOLCANO_LEU_COLIMA",				"LOC_NAMED_VOLCANO_LEU_COLIMA_NAME"),
		("NAMED_VOLCANO_LEU_COMONDU",				"LOC_NAMED_VOLCANO_LEU_COMONDU_NAME"),
		("NAMED_VOLCANO_LEU_CORONADO",				"LOC_NAMED_VOLCANO_LEU_CORONADO_NAME"),
		("NAMED_VOLCANO_LEU_LAS_CUMBRES",			"LOC_NAMED_VOLCANO_LEU_LAS_CUMBRES_NAME"),
		("NAMED_VOLCANO_LEU_LAS_DERRUMBADAS",		"LOC_NAMED_VOLCANO_LEU_LAS_DERRUMBADAS_NAME"),
		("NAMED_VOLCANO_LEU_GUADALUPE",				"LOC_NAMED_VOLCANO_LEU_GUADALUPE_NAME"),
		("NAMED_VOLCANO_LEU_LOS_HUMEROS",			"LOC_NAMED_VOLCANO_LEU_LOS_HUMEROS_NAME"),
		("NAMED_VOLCANO_LEU_IZTACCIHUATL",			"LOC_NAMED_VOLCANO_LEU_IZTACCIHUATL_NAME"),
		("NAMED_VOLCANO_LEU_JOCOTITLAN",			"LOC_NAMED_VOLCANO_LEU_JOCOTITLAN_NAME"),
		("NAMED_VOLCANO_LEU_EL_JORULLO",			"LOC_NAMED_VOLCANO_LEU_EL_JORULLO_NAME"),
		("NAMED_VOLCANO_LEU_LA_MALINCHE",			"LOC_NAMED_VOLCANO_LEU_LA_MALINCHE_NAME"),
		("NAMED_VOLCANO_LEU_NEVADO_DE_TOLUCA",		"LOC_NAMED_VOLCANO_LEU_NEVADO_DE_TOLUCA_NAME"),
		("NAMED_VOLCANO_LEU_PAPAYO",				"LOC_NAMED_VOLCANO_LEU_PAPAYO_NAME"),
		("NAMED_VOLCANO_LEU_PARICUTIN",				"LOC_NAMED_VOLCANO_LEU_PARICUTIN_NAME"),
		("NAMED_VOLCANO_LEU_LA_REFORMA_CALDERA",	"LOC_NAMED_VOLCANO_LEU_LA_REFORMA_CALDERA_NAME"),
		("NAMED_VOLCANO_LEU_SOCORRO",				"LOC_NAMED_VOLCANO_LEU_SOCORRO_NAME"),
		("NAMED_VOLCANO_LEU_TEQUILA",				"LOC_NAMED_VOLCANO_LEU_TEQUILA_NAME");
--------------------------------------------------------------------
-- NamedDeserts
--------------------------------------------------------------------
INSERT OR REPLACE INTO NamedDeserts
		(NamedDesertType,									Name)
VALUES	("NAMED_DESERT_LEU_DESIERTO_DE_SONORA",				"LOC_NAMED_DESERT_LEU_DESIERTO_DE_SONORA_NAME"),
		("NAMED_DESERT_LEU_DESIERTO_DE_CHIHUAHUA",			"LOC_NAMED_DESERT_LEU_DESIERTO_DE_CHIHUAHUA_NAME"),
		("NAMED_DESERT_LEU_DESIERTO_DEL_COLORADO",			"LOC_NAMED_DESERT_LEU_DESIERTO_DEL_COLORADO_NAME"),
		("NAMED_DESERT_LEU_EL_VIZCAINO",					"LOC_NAMED_DESERT_LEU_EL_VIZCAINO_NAME"),
		("NAMED_DESERT_LEU_DESIERTO_DE_BAJA_CALIFORNIA",	"LOC_NAMED_DESERT_LEU_DESIERTO_DE_BAJA_CALIFORNIA_NAME"),
		("NAMED_DESERT_LEU_GRAN_DESIERTO_DE_ALTAR",			"LOC_NAMED_DESERT_LEU_GRAN_DESIERTO_DE_ALTAR_NAME"),
		("NAMED_DESERT_LEU_MEDANOS_DE_SAMALAYUCA",			"LOC_NAMED_DESERT_LEU_MEDANOS_DE_SAMALAYUCA_NAME"),
		("NAMED_DESERT_LEU_DESIERTO_DE_YUMA",				"LOC_NAMED_DESERT_LEU_DESIERTO_DE_YUMA_NAME");
--------------------------------------------------------------------
-- NamedLakes
--------------------------------------------------------------------
INSERT OR REPLACE INTO NamedLakes
		(NamedLakeType,								Name)
VALUES	("NAMED_LAKE_LEU_LAGO_DE_CHAPALA",			"LOC_NAMED_LAKE_LEU_LAGO_DE_CHAPALA_NAME"),
		("NAMED_LAKE_LEU_LAGUNA_DE_BACALAR",		"LOC_NAMED_LAKE_LEU_LAGUNA_DE_BACALAR_NAME"),
		("NAMED_LAKE_LEU_LAGO_DE_CHAPULTEPEC",		"LOC_NAMED_LAKE_LEU_LAGO_DE_CHAPULTEPEC_NAME"),
		("NAMED_LAKE_LEU_LAGO_CAMECUARO",			"LOC_NAMED_LAKE_LEU_LAGO_CAMECUARO_NAME"),
		("NAMED_LAKE_LEU_LAGOS_DE_MONTEBELLO",		"LOC_NAMED_LAKE_LEU_LAGOS_DE_MONTEBELLO_NAME"),
		("NAMED_LAKE_LEU_LAGUNA_NICHUPTE",			"LOC_NAMED_LAKE_LEU_LAGUNA_NICHUPTE_NAME"),
		("NAMED_LAKE_LEU_LAGO_AVANDARO",			"LOC_NAMED_LAKE_LEU_LAGO_AVANDARO_NAME"),
		("NAMED_LAKE_LEU_BARRA_DE_COYUCA",			"LOC_NAMED_LAKE_LEU_BARRA_DE_COYUCA_NAME"),
		("NAMED_LAKE_LEU_LAGUNO_DE_TERMINOS",		"LOC_NAMED_LAKE_LEU_LAGUNO_DE_TERMINOS_NAME"),
		("NAMED_LAKE_LEU_LAGUNA_DE_CATEMACO",		"LOC_NAMED_LAKE_LEU_LAGUNA_DE_CATEMACO_NAME"),
		("NAMED_LAKE_LEU_LAGUNA_POJOJ",				"LOC_NAMED_LAKE_LEU_LAGUNA_POJOJ_NAME"),
		("NAMED_LAKE_LEU_LAGO_ARAREKO",				"LOC_NAMED_LAKE_LEU_LAGO_ARAREKO_NAME"),
		("NAMED_LAKE_LEU_LAGO_DE_PATZCUARO",		"LOC_NAMED_LAKE_LEU_LAGO_DE_PATZCUARO_NAME"),
		("NAMED_LAKE_LEU_LAGUNA_OJO_DE_LIEBRE",		"LOC_NAMED_LAKE_LEU_LAGUNA_OJO_DE_LIEBRE_NAME");
--------------------------------------------------------------------
-- NamedSeas
--------------------------------------------------------------------
INSERT OR REPLACE INTO NamedSeas
		(NamedSeaType,										Name)
VALUES	("NAMED_SEA_LEU_BAHIA_DE_BANDERAS",					"LOC_NAMED_SEA_LEU_BAHIA_DE_BANDERAS_NAME"),
		("NAMED_SEA_LEU_BAHIA_ADAIR",						"LOC_NAMED_SEA_LEU_BAHIA_ADAIR_NAME"),
		("NAMED_SEA_LEU_BAHIA_DE_BANDERAS",					"LOC_NAMED_SEA_LEU_BAHIA_DE_BANDERAS_NAME"),
		("NAMED_SEA_LEU_BAHIA_DE_GUAYMAS",					"LOC_NAMED_SEA_LEU_BAHIA_DE_GUAYMAS_NAME"),
		("NAMED_SEA_LEU_BAHIA_DE_LA_PAZ",					"LOC_NAMED_SEA_LEU_BAHIA_DE_LA_PAZ_NAME"),
		("NAMED_SEA_LEU_BAHIA_DE_TEPOCA",					"LOC_NAMED_SEA_LEU_BAHIA_DE_TEPOCA_NAME"),
		("NAMED_SEA_LEU_GOLFO_DE_CALIFORNIA",				"LOC_NAMED_SEA_LEU_GOLFO_DE_CALIFORNIA_NAME"),
		("NAMED_SEA_LEU_ENSENADA_DE_PABELLONES",			"LOC_NAMED_SEA_LEU_ENSENADA_DE_PABELLONES_NAME"),
		("NAMED_SEA_LEU_BAHIA_DE_MAGDALENA",				"LOC_NAMED_SEA_LEU_BAHIA_DE_MAGDALENA_NAME"),
		("NAMED_SEA_LEU_BAHIA_DE_SAN_QUINTIN",				"LOC_NAMED_SEA_LEU_BAHIA_DE_SAN_QUINTIN_NAME"),
		("NAMED_SEA_LEU_BAHIA_DE_SEBASTIAN_VIZCAINO",		"LOC_NAMED_SEA_LEU_BAHIA_DE_SEBASTIAN_VIZCAINO_NAME"),
		("NAMED_SEA_LEU_GOLFO_DE_TEHUANTEPEC",				"LOC_NAMED_SEA_LEU_GOLFO_DE_TEHUANTEPEC_NAME"),
		("NAMED_SEA_LEU_OCEANO_PACIFICO",					"LOC_NAMED_SEA_LEU_OCEANO_PACIFICO_NAME"),
		("NAMED_SEA_LEU_OCEANO_ATLANTICO",					"LOC_NAMED_SEA_LEU_OCEANO_ATLANTICO_NAME");
--------------------------------------------------------------------
-- NamedRiverCivilizations
--------------------------------------------------------------------
INSERT OR REPLACE INTO NamedRiverCivilizations
		(NamedRiverType,								CivilizationType)
VALUES	("NAMED_RIVER_LEU_RIO_NAZAS",					"CIVILIZATION_LEU_MEXICO"),
		("NAMED_RIVER_LEU_RIO_GRANDE_DE_SANTIAGO",		"CIVILIZATION_LEU_MEXICO"),
		("NAMED_RIVER_LEU_RIO_CONCHOS",					"CIVILIZATION_LEU_MEXICO"),
		("NAMED_RIVER_LEU_RIO_GRIJALVA",				"CIVILIZATION_LEU_MEXICO"),
		("NAMED_RIVER_LEU_RIO_LERMA",					"CIVILIZATION_LEU_MEXICO"),
		("NAMED_RIVER_LEU_RIO_BALSAS",					"CIVILIZATION_LEU_MEXICO"),
		("NAMED_RIVER_LEU_RIO_CULIACAN",				"CIVILIZATION_LEU_MEXICO"),
		("NAMED_RIVER_LEU_RIO_USUMACINTA",				"CIVILIZATION_LEU_MEXICO"),
		("NAMED_RIVER_LEU_RIO_COLORADO",				"CIVILIZATION_LEU_MEXICO"),
		("NAMED_RIVER_LEU_RIO_BRAVO",					"CIVILIZATION_LEU_MEXICO");
--------------------------------------------------------------------
-- NamedMountainCivilizations
--------------------------------------------------------------------
INSERT OR REPLACE INTO NamedMountainCivilizations
		(NamedMountainType,								CivilizationType)
VALUES	("NAMED_MOUNTAIN_SIERRA_MADRES",				"CIVILIZATION_LEU_MEXICO"),
		("NAMED_MOUNTAIN_LEU_SIERRA_DE_LA_VIGA",		"CIVILIZATION_LEU_MEXICO"),
		("NAMED_MOUNTAIN_LEU_CERRO_EL_POTOSI",			"CIVILIZATION_LEU_MEXICO"),
		("NAMED_MOUNTAIN_LEU_SIERRA_DE_LA_MARTA",		"CIVILIZATION_LEU_MEXICO"),
		("NAMED_MOUNTAIN_LEU_EL_COAHUILON",				"CIVILIZATION_LEU_MEXICO"),
		("NAMED_MOUNTAIN_LEU_SIERRA_PENA_NEVADA",		"CIVILIZATION_LEU_MEXICO"),
		("NAMED_MOUNTAIN_LEU_CERRO_EL_VEIJO",			"CIVILIZATION_LEU_MEXICO"),
		("NAMED_MOUNTAIN_LEU_SIERRA_MORONES",			"CIVILIZATION_LEU_MEXICO");
--------------------------------------------------------------------
-- NamedVolcanoCivilizations
--------------------------------------------------------------------
INSERT OR REPLACE INTO NamedVolcanoCivilizations
		(NamedVolcanoType,							CivilizationType)
VALUES	("NAMED_VOLCANO_LEU_LOS_ATLIXCOS",			"CIVILIZATION_LEU_MEXICO"),
		("NAMED_VOLCANO_LEU_VOLCAN_BARCENA",		"CIVILIZATION_LEU_MEXICO"),
		("NAMED_VOLCANO_LEU_CEBORUCO",				"CIVILIZATION_LEU_MEXICO"),
		("NAMED_VOLCANO_LEU_CERRO_PRIETO",			"CIVILIZATION_LEU_MEXICO"),
		("NAMED_VOLCANO_LEU_EL_CHICHON",			"CIVILIZATION_LEU_MEXICO"),
		("NAMED_VOLCANO_LEU_COFRE_DE_PEROTE",		"CIVILIZATION_LEU_MEXICO"),
		("NAMED_VOLCANO_LEU_COLIMA",				"CIVILIZATION_LEU_MEXICO"),
		("NAMED_VOLCANO_LEU_COMONDU",				"CIVILIZATION_LEU_MEXICO"),
		("NAMED_VOLCANO_LEU_CORONADO",				"CIVILIZATION_LEU_MEXICO"),
		("NAMED_VOLCANO_LEU_LAS_CUMBRES",			"CIVILIZATION_LEU_MEXICO"),
		("NAMED_VOLCANO_LEU_LAS_DERRUMBADAS",		"CIVILIZATION_LEU_MEXICO"),
		("NAMED_VOLCANO_LEU_GUADALUPE",				"CIVILIZATION_LEU_MEXICO"),
		("NAMED_VOLCANO_LEU_LOS_HUMEROS",			"CIVILIZATION_LEU_MEXICO"),
		("NAMED_VOLCANO_LEU_IZTACCIHUATL",			"CIVILIZATION_LEU_MEXICO"),
		("NAMED_VOLCANO_LEU_JOCOTITLAN",			"CIVILIZATION_LEU_MEXICO"),
		("NAMED_VOLCANO_LEU_EL_JORULLO",			"CIVILIZATION_LEU_MEXICO"),
		("NAMED_VOLCANO_LEU_LA_MALINCHE",			"CIVILIZATION_LEU_MEXICO"),
		("NAMED_VOLCANO_LEU_NEVADO_DE_TOLUCA",		"CIVILIZATION_LEU_MEXICO"),
		("NAMED_VOLCANO_LEU_PAPAYO",				"CIVILIZATION_LEU_MEXICO"),
		("NAMED_VOLCANO_LEU_PARICUTIN",				"CIVILIZATION_LEU_MEXICO"),
		("NAMED_VOLCANO_POPOCATEPETL",				"CIVILIZATION_LEU_MEXICO"),
		("NAMED_VOLCANO_LEU_LA_REFORMA_CALDERA",	"CIVILIZATION_LEU_MEXICO"),
		("NAMED_VOLCANO_LEU_SOCORRO",				"CIVILIZATION_LEU_MEXICO"),
		("NAMED_VOLCANO_LEU_TEQUILA",				"CIVILIZATION_LEU_MEXICO");
--------------------------------------------------------------------
-- NamedDesertCivilizations
--------------------------------------------------------------------
INSERT OR REPLACE INTO NamedDesertCivilizations
		(NamedDesertType,									CivilizationType)
VALUES	("NAMED_DESERT_LEU_DESIERTO_DE_SONORA",				"CIVILIZATION_LEU_MEXICO"),
		("NAMED_DESERT_LEU_DESIERTO_DE_CHIHUAHUA",			"CIVILIZATION_LEU_MEXICO"),
		("NAMED_DESERT_LEU_DESIERTO_DEL_COLORADO",			"CIVILIZATION_LEU_MEXICO"),
		("NAMED_DESERT_LEU_EL_VIZCAINO",					"CIVILIZATION_LEU_MEXICO"),
		("NAMED_DESERT_LEU_DESIERTO_DE_BAJA_CALIFORNIA",	"CIVILIZATION_LEU_MEXICO"),
		("NAMED_DESERT_LEU_GRAN_DESIERTO_DE_ALTAR",			"CIVILIZATION_LEU_MEXICO"),
		("NAMED_DESERT_LEU_MEDANOS_DE_SAMALAYUCA",			"CIVILIZATION_LEU_MEXICO"),
		("NAMED_DESERT_LEU_DESIERTO_DE_YUMA",				"CIVILIZATION_LEU_MEXICO");
--------------------------------------------------------------------
-- NamedLakeCivilizations
--------------------------------------------------------------------
INSERT OR REPLACE INTO NamedLakeCivilizations
		(NamedLakeType,								CivilizationType)
VALUES	("NAMED_LAKE_LEU_LAGO_DE_CHAPALA",			"CIVILIZATION_LEU_MEXICO"),
		("NAMED_LAKE_LEU_LAGUNA_DE_BACALAR",		"CIVILIZATION_LEU_MEXICO"),
		("NAMED_LAKE_LEU_LAGO_DE_CHAPULTEPEC",		"CIVILIZATION_LEU_MEXICO"),
		("NAMED_LAKE_LEU_LAGO_CAMECUARO",			"CIVILIZATION_LEU_MEXICO"),
		("NAMED_LAKE_LEU_LAGOS_DE_MONTEBELLO",		"CIVILIZATION_LEU_MEXICO"),
		("NAMED_LAKE_LEU_LAGUNA_NICHUPTE",			"CIVILIZATION_LEU_MEXICO"),
		("NAMED_LAKE_LEU_LAGO_AVANDARO",			"CIVILIZATION_LEU_MEXICO"),
		("NAMED_LAKE_LEU_BARRA_DE_COYUCA",			"CIVILIZATION_LEU_MEXICO"),
		("NAMED_LAKE_LEU_LAGUNO_DE_TERMINOS",		"CIVILIZATION_LEU_MEXICO"),
		("NAMED_LAKE_LEU_LAGUNA_DE_CATEMACO",		"CIVILIZATION_LEU_MEXICO"),
		("NAMED_LAKE_LEU_LAGUNA_POJOJ",				"CIVILIZATION_LEU_MEXICO"),
		("NAMED_LAKE_LEU_LAGO_ARAREKO",				"CIVILIZATION_LEU_MEXICO"),
		("NAMED_LAKE_LEU_LAGO_DE_PATZCUARO",		"CIVILIZATION_LEU_MEXICO"),
		("NAMED_LAKE_LEU_LAGUNA_OJO_DE_LIEBRE",		"CIVILIZATION_LEU_MEXICO");
--------------------------------------------------------------------
-- NamedSeaCivilizations
--------------------------------------------------------------------
INSERT OR REPLACE INTO NamedSeaCivilizations
		(NamedSeaType,										CivilizationType)
VALUES	("NAMED_SEA_LEU_BAHIA_DE_BANDERAS",					"CIVILIZATION_LEU_MEXICO"),
		("NAMED_SEA_LEU_BAHIA_ADAIR",						"CIVILIZATION_LEU_MEXICO"),
		("NAMED_SEA_LEU_BAHIA_DE_GUAYMAS",					"CIVILIZATION_LEU_MEXICO"),
		("NAMED_SEA_LEU_BAHIA_DE_LA_PAZ",					"CIVILIZATION_LEU_MEXICO"),
		("NAMED_SEA_LEU_BAHIA_DE_TEPOCA",					"CIVILIZATION_LEU_MEXICO"),
		("NAMED_SEA_LEU_GOLFO_DE_CALIFORNIA",				"CIVILIZATION_LEU_MEXICO"),
		("NAMED_SEA_LEU_ENSENADA_DE_PABELLONES",			"CIVILIZATION_LEU_MEXICO"),
		("NAMED_SEA_LEU_BAHIA_DE_MAGDALENA",				"CIVILIZATION_LEU_MEXICO"),
		("NAMED_SEA_LEU_BAHIA_DE_SAN_QUINTIN",				"CIVILIZATION_LEU_MEXICO"),
		("NAMED_SEA_LEU_BAHIA_DE_SEBASTIAN_VIZCAINO",		"CIVILIZATION_LEU_MEXICO"),
		("NAMED_SEA_LEU_GOLFO_DE_TEHUANTEPEC",				"CIVILIZATION_LEU_MEXICO"),
		("NAMED_SEA_LEU_OCEANO_PACIFICO",					"CIVILIZATION_LEU_MEXICO"),
		("NAMED_SEA_LEU_OCEANO_ATLANTICO",					"CIVILIZATION_LEU_MEXICO");
--==========================================================================================================================
--==========================================================================================================================
