<?xml version="1.0" encoding="utf-8"?>
<GameData>
	<LocalizedText>
		<Replace Tag="LOC_DISTANT_HUMAN_START_POSITIONS" Language="en_US">
			<Text>Distant Human Start Positions</Text>
		</Replace>
		<Replace Tag="LOC_DISTANT_HUMAN_START_POSITIONS_DESCRIPTION" Language="en_US">
			<Text>Spreads human players apart, so that they start as far from each other as possible. At least one AI player must be present for this functionality to take effect, since it works by rearranging the human and AI players.</Text>
		</Replace>
	</LocalizedText>
<GameData>
