<?xml version="1.0" encoding="utf-8"?>
<GameData>
  <LocalizedText>
    <!-- RUSSIAN -->

    <!-- Builder Lens -->
    <Replace Tag="LOC_HUD_BUILDER_LENS" Language="ru_RU">
      <Text>Строитель</Text>
    </Replace>
    <Replace Tag="LOC_HUD_BUILDER_LENS_TOOLTIP" Language="ru_RU">
      <Text>Выделяет на каких клетках строитель может работать</Text>
    </Replace>
    <Replace Tag="LOC_TOOLTIP_BUILDER_LENS_IMP" Language="ru_RU">
      <Text>Ресурс / Разграблено / Уникальная способность</Text>
    </Replace>
    <Replace Tag="LOC_TOOLTIP_BUILDER_LENS_HILL" Language="ru_RU">
      <Text>Холм</Text>
    </Replace>
    <Replace Tag="LOC_TOOLTIP_BUILDER_LENS_FEATURE" Language="ru_RU">
      <Text>Удаляемая особенность</Text>
    </Replace>
    <Replace Tag="LOC_TOOLTIP_BUILDER_LENS_GENERIC" Language="ru_RU">
      <Text>Универсальная Клетка</Text>
    </Replace>
    <Replace Tag="LOC_TOOLTIP_BUILDER_LENS_NOTHING" Language="ru_RU">
      <Text>Нечего строить</Text>
    </Replace>

    <!-- Archaeologist Lens -->
    <Replace Tag="LOC_HUD_ARCHAEOLOGIST_LENS" Language="ru_RU">
      <Text>Археолог</Text>
    </Replace>
    <Replace Tag="LOC_HUD_ARCHAEOLOGIST_LENS_TOOLTIP" Language="ru_RU">
      <Text>Выделяет места раскопок.</Text>
    </Replace>
    <Replace Tag="LOC_TOOLTIP_ARCHAEOLOGIST_LENS_ARTIFACT" Language="ru_RU">
      <Text>Артефакт</Text>
    </Replace>
    <Replace Tag="LOC_TOOLTIP_ARCHAEOLOGIST_LENS_SHIPWRECK" Language="ru_RU">
      <Text>Кораблекрушение</Text>
    </Replace>

    <!-- City Overlap Lens -->
    <Replace Tag="LOC_HUD_CITYOVERLAP6_LENS" Language="ru_RU">
      <Text>Общие клетки 6</Text>
    </Replace>
    <Replace Tag="LOC_HUD_CITYOVERLAP6_LENS_TOOLTIP" Language="ru_RU">
      <Text>Показывает, как много городов (в диапазоне 6 клеток) c общими клетками</Text>
    </Replace>

    <!-- City Overlap Lens -->
    <Replace Tag="LOC_HUD_CITYOVERLAP9_LENS" Language="ru_RU">
      <Text>Общие клетки 9</Text>
    </Replace>
    <Replace Tag="LOC_HUD_CITYOVERLAP9_LENS_TOOLTIP" Language="ru_RU">
      <Text>Показывает, как много городов (в диапазоне 9 клеток) c общими клетками</Text>
    </Replace>

    <!-- Barbarian Lens -->
    <Replace Tag="LOC_HUD_BARBARIAN_LENS" Language="ru_RU">
      <Text>Варвары</Text>
    </Replace>
    <Replace Tag="LOC_HUD_BARBARIAN_LENS_TOOLTIP" Language="ru_RU">
      <Text>Выделяет лагеря варваров на карте</Text>
    </Replace>
    <Replace Tag="LOC_TOOLTIP_BARBARIAN_LENS_ENCAPMENT" Language="ru_RU">
      <Text>Лагерь Варваров</Text>
    </Replace>

    <!-- Resources Lens -->
    <Replace Tag="LOC_HUD_RESOURCE_LENS" Language="ru_RU">
      <Text>Ресурсы</Text>
    </Replace>
    <Replace Tag="LOC_HUD_RESOURCE_LENS_TOOLTIP" Language="ru_RU">
      <Text>Выделяет ресурсы на карте</Text>
    </Replace>
    <Replace Tag="LOC_TOOLTIP_RESOURCE_LENS_LUXURY" Language="ru_RU">
      <Text>Редкий</Text>
    </Replace>
    <Replace Tag="LOC_TOOLTIP_RESOURCE_LENS_NLUXURY" Language="ru_RU">
      <Text>Необработанный редкий</Text>
    </Replace>
    <Replace Tag="LOC_TOOLTIP_RESOURCE_LENS_STRATEGIC" Language="ru_RU">
      <Text>Стратегический</Text>
    </Replace>
    <Replace Tag="LOC_TOOLTIP_RESOURCE_LENS_NSTRATEGIC" Language="ru_RU">
      <Text>Необработанный стратегический</Text>
    </Replace>
    <Replace Tag="LOC_TOOLTIP_RESOURCE_LENS_BONUS" Language="ru_RU">
      <Text>Бонусный</Text>
    </Replace>
    <Replace Tag="LOC_TOOLTIP_RESOURCE_LENS_NBONUS" Language="ru_RU">
      <Text>Необработанный бонусный</Text>
    </Replace>

    <!-- Wonder Lens -->
    <Replace Tag="LOC_HUD_WONDER_LENS" Language="ru_RU">
      <Text>Чудеса</Text>
    </Replace>
    <Replace Tag="LOC_HUD_WONDER_LENS_TOOLTIP" Language="ru_RU">
      <Text>Выделяет чудеса природы и чудеса света, построенные игроками</Text>
    </Replace>
    <Replace Tag="LOC_TOOLTIP_WONDER_LENS_NWONDER" Language="ru_RU">
      <Text>Чудо природы</Text>
    </Replace>
    <Replace Tag="LOC_TOOLTIP_RESOURCE_LENS_PWONDER" Language="ru_RU">
      <Text>Чудо света</Text>
    </Replace>

    <!-- Adjacency Yield Lens -->
    <Replace Tag="LOC_HUD_ADJYIELD_LENS" Language="ru_RU">
      <Text>Бонусы соседства</Text>
    </Replace>
    <Replace Tag="LOC_HUD_ADJYIELD_LENS_TOOLTIP" Language="ru_RU">
      <Text>Показывает бонусы соседства для районов</Text>
    </Replace>

    <!-- Scout Lens -->
    <Replace Tag="LOC_HUD_SCOUT_LENS" Language="ru_RU">
      <Text>Разведка</Text>
    </Replace>
    <Replace Tag="LOC_HUD_SCOUT_LENS_TOOLTIP" Language="ru_RU">
      <Text>Выделяет племенные поселения на карте</Text>
    </Replace>
    <Replace Tag="LOC_TOOLTIP_SCOUT_LENS_GHUT" Language="ru_RU">
      <Text>Племенное поселение</Text>
    </Replace>

  </LocalizedText>
</GameData>
